<Interlink id="link_capital_cities">
  <MetaData>
    <Label></Label>
    <Description></Description>
    <Modified>2022-12-17T12:00:17.859Z</Modified>
  </MetaData>
  <SourceDataset dataSource="cities" var="a" typeUri="http://dbpedia.org/ontology/Country">
    <RestrictTo> </RestrictTo>
  </SourceDataset>
  <TargetDataset dataSource="WikiData" var="b" typeUri="">
    <RestrictTo> ?country &lt;http://www.wikidata.org/prop/direct/P31&gt; &lt;http://www.wikidata.org/entity/Q3624078&gt; . #not a former country FILTER NOT EXISTS {?country &lt;http://www.wikidata.org/prop/direct/P31&gt; &lt;http://www.wikidata.org/entity/Q3024240&gt;} #and no an ancient civilisation (needed to exclude ancient Egypt) FILTER NOT EXISTS {?country &lt;http://www.wikidata.org/prop/direct/P31&gt; &lt;http://www.wikidata.org/entity/Q28171280&gt;} ?country &lt;http://www.wikidata.org/prop/direct/P36&gt; ?a . </RestrictTo>
  </TargetDataset>
  <LinkageRule linkType="&lt;http://dbpedia.org/ontology/capital&gt;">
    <Compare id="levenshteinDistance1" required="false" weight="1" metric="levenshteinDistance" threshold="1.0" indexing="true">
      <TransformInput id="upperCase1" function="upperCase">
        <Input id="sourcePath1" path="/&lt;http://www.w3.org/2000/01/rdf-schema#label&gt;"/>
      </TransformInput>
      <TransformInput id="upperCase2" function="upperCase">
        <Input id="targetPath1" path="/&lt;http://www.wikidata.org/prop/P17&gt;/&lt;http://www.wikidata.org/prop/statement/P17&gt;/&lt;http://www.w3.org/2000/01/rdf-schema#label&gt;[@lang = &lt;en&gt;]"/>
      </TransformInput>
      <Param name="minChar" xml:space="preserve"><![CDATA[0]]></Param>
      <Param name="maxChar" xml:space="preserve"><![CDATA[z]]></Param>
    </Compare>
    <Filter/>
  </LinkageRule>
  <Outputs>
    <Output id="out"></Output>
  </Outputs>
</Interlink>
