<Dataset id="WikiData" type="sparqlEndpoint" uriProperty="">
  <MetaData>
    <Label></Label>
    <Description></Description>
    <Modified>2022-12-16T17:41:35.361Z</Modified>
  </MetaData>
  <Param name="pageSize" xml:space="preserve"><![CDATA[1000]]></Param>
  <Param name="clearGraphBeforeExecution" xml:space="preserve"><![CDATA[true]]></Param>
  <Param name="pauseTime" xml:space="preserve"><![CDATA[0]]></Param>
  <Param name="retryCount" xml:space="preserve"><![CDATA[3]]></Param>
  <Param name="endpointURI" xml:space="preserve"><![CDATA[https://query.wikidata.org/sparql]]></Param>
  <Param name="strategy" xml:space="preserve"><![CDATA[parallel]]></Param>
  <Param name="retryPause" xml:space="preserve"><![CDATA[1000]]></Param>
  <Param name="graph" xml:space="preserve"><![CDATA[]]></Param>
  <Param name="queryParameters" xml:space="preserve"><![CDATA[]]></Param>
  <Param name="login" xml:space="preserve"><![CDATA[]]></Param>
  <Param name="useOrderBy" xml:space="preserve"><![CDATA[true]]></Param>
  <Param name="entityList" xml:space="preserve"><![CDATA[]]></Param>
  <Param name="password" xml:space="preserve"><![CDATA[]]></Param>
</Dataset>
