<Interlink id="link_capital_cities">
  <MetaData>
    <Label></Label>
    <Description></Description>
    <Modified>2022-12-17T12:05:32.967Z</Modified>
  </MetaData>
  <SourceDataset dataSource="cities" var="a" typeUri="http://dbpedia.org/ontology/Country">
    <RestrictTo> </RestrictTo>
  </SourceDataset>
  <TargetDataset dataSource="DBpedia" var="b" typeUri="http://dbpedia.org/ontology/Country">
    <RestrictTo> </RestrictTo>
  </TargetDataset>
  <LinkageRule linkType="&lt;http://www.w3.org/2002/07/owl#sameAs&gt;">
    <Compare id="equality1" required="false" weight="1" metric="equality" threshold="0.0" indexing="true">
      <TransformInput id="upperCase1" function="upperCase">
        <Input id="sourcePath1" path="/&lt;http://www.w3.org/2000/01/rdf-schema#label&gt;"/>
      </TransformInput>
      <TransformInput id="upperCase2" function="upperCase">
        <Input id="targetPath1" path="/&lt;http://www.w3.org/2000/01/rdf-schema#label&gt;"/>
      </TransformInput>
    </Compare>
    <Filter/>
  </LinkageRule>
  <Outputs>
    <Output id="out"></Output>
  </Outputs>
</Interlink>
