<Interlink id="country_same_as">
  <MetaData>
    <Label></Label>
    <Description></Description>
    <Modified>2022-12-16T14:44:31.766Z</Modified>
  </MetaData>
  <SourceDataset dataSource="airports" var="a" typeUri="http://dbpedia.org/ontology/Country">
    <RestrictTo> </RestrictTo>
  </SourceDataset>
  <TargetDataset dataSource="cities" var="b" typeUri="http://dbpedia.org/ontology/Country">
    <RestrictTo> </RestrictTo>
  </TargetDataset>
  <LinkageRule linkType="&lt;http://www.w3.org/2002/07/owl#sameAs&gt;">
    <Compare id="levenshteinDistance1" required="false" weight="1" metric="levenshteinDistance" threshold="1.0" indexing="true">
      <TransformInput id="lowerCase1" function="lowerCase">
        <Input id="sourcePath1" path="/&lt;http://dbpedia.org/property/name&gt;"/>
      </TransformInput>
      <TransformInput id="lowerCase2" function="lowerCase">
        <Input id="targetPath1" path="/&lt;http://dbpedia.org/property/name&gt;"/>
      </TransformInput>
      <Param name="minChar" xml:space="preserve"><![CDATA[0]]></Param>
      <Param name="maxChar" xml:space="preserve"><![CDATA[z]]></Param>
    </Compare>
    <Filter/>
  </LinkageRule>
  <Outputs>
    <Output id="out"></Output>
  </Outputs>
</Interlink>
