<Dataset id="airports" type="sparqlEndpoint" uriProperty="">
  <MetaData>
    <Label></Label>
    <Description></Description>
    <Modified>2022-12-14T19:41:53.479Z</Modified>
  </MetaData>
  <Param name="pageSize" xml:space="preserve"><![CDATA[1000]]></Param>
  <Param name="clearGraphBeforeExecution" xml:space="preserve"><![CDATA[true]]></Param>
  <Param name="pauseTime" xml:space="preserve"><![CDATA[0]]></Param>
  <Param name="retryCount" xml:space="preserve"><![CDATA[3]]></Param>
  <Param name="endpointURI" xml:space="preserve"><![CDATA[http://192.168.10.219:9040/ni-swe2/sparql]]></Param>
  <Param name="strategy" xml:space="preserve"><![CDATA[parallel]]></Param>
  <Param name="retryPause" xml:space="preserve"><![CDATA[1000]]></Param>
  <Param name="graph" xml:space="preserve"><![CDATA[http://192.168.10.219:9040/ni-swe2/data/airports]]></Param>
  <Param name="queryParameters" xml:space="preserve"><![CDATA[]]></Param>
  <Param name="login" xml:space="preserve"><![CDATA[admin]]></Param>
  <Param name="useOrderBy" xml:space="preserve"><![CDATA[true]]></Param>
  <Param name="entityList" xml:space="preserve"><![CDATA[]]></Param>
  <Param name="password" xml:space="preserve"><![CDATA[sZUyWTRbQkHSrSs8bm]]></Param>
</Dataset>
