<Interlink id="flew_over">
  <MetaData>
    <Label></Label>
    <Description></Description>
    <Modified>2022-12-16T14:37:36.860Z</Modified>
  </MetaData>
  <SourceDataset dataSource="flight_records" var="a" typeUri="http://localhost/vocabulary/terms/FlightRecord">
    <RestrictTo> </RestrictTo>
  </SourceDataset>
  <TargetDataset dataSource="cities" var="b" typeUri="http://dbpedia.org/ontology/City">
    <RestrictTo> </RestrictTo>
  </TargetDataset>
  <LinkageRule linkType="&lt;http://localhost/vocabulary/terms/flewOver&gt;">
    <Compare id="wgs841" required="false" weight="1" metric="wgs84" threshold="2.0" indexing="true">
      <Input id="sourcePath1" path="/&lt;http://localhost/vocabulary/terms/wasSpottedAt&gt;/&lt;http://www.w3.org/2003/01/geo/wgs84_pos#location&gt;"/>
      <Input id="targetPath1" path="/&lt;http://www.w3.org/2003/01/geo/wgs84_pos#location&gt;"/>
      <Param name="unit" xml:space="preserve"><![CDATA[km]]></Param>
    </Compare>
    <Filter/>
  </LinkageRule>
  <Outputs>
    <Output id="out"></Output>
  </Outputs>
</Interlink>
